EV,Waiting_time,Charging_time,Total,Reward
0,0.0,0.3812499999999997,3.111249999999999,-3.111249999999999
1,0.0,0.13124999999999998,2.8612499999999996,-2.8612499999999996
2,0.0,0.6562500000000002,3.38625,-3.38625
3,0.08125,0.23125000000000007,3.0424999999999995,-3.0424999999999995
4,0.0,0.6937499999999998,3.5637499999999998,-3.5637499999999998
5,0.0212499999999995,0.33125000000000016,3.082499999999999,-3.082499999999999
6,0.022499999999999916,0.7062500000000002,3.4587499999999998,-3.4587499999999998
7,0.0,0.26874999999999993,3.13875,-3.13875
8,0.0,0.7187499999999998,3.5887499999999997,-3.5887499999999997
9,0.0,0.21250000000000002,3.0925000000000002,-3.0925000000000002
10,0.0,0.98125,3.8112500000000002,-3.8112500000000002
11,0.14249999999999996,0.5875000000000001,3.6100000000000003,-3.6100000000000003
12,0.1924999999999995,0.7812499999999999,3.703749999999999,-3.703749999999999
13,0.1962499999999998,0.8562499999999997,3.7824999999999993,-3.7824999999999993
14,0.0,0.70625,3.53625,-3.53625
15,0.13874999999999982,0.2124999999999999,3.1712499999999997,-3.1712499999999997
16,0.24374999999999936,0.5624999999999996,3.626249999999999,-3.626249999999999
17,0.25124999999999964,0.4937499999999996,3.6149999999999993,-3.6149999999999993
18,0.41874999999999984,0.48124999999999973,3.629999999999999,-3.629999999999999
19,0.4462499999999998,0.3875000000000002,3.71375,-3.71375
20,0.4287499999999995,0.38750000000000007,3.6362499999999995,-3.6362499999999995
21,0.46999999999999986,0.5875000000000001,3.9375,-3.9375
22,0,0,2.7299999999999995,-2.7299999999999995
23,0.6837499999999992,0.8312499999999998,4.244999999999999,-4.244999999999999
24,0.5749999999999991,0.8124999999999996,4.207499999999999,-4.207499999999999
25,0.5612499999999996,0.6124999999999997,4.053749999999999,-4.053749999999999
26,0.6724999999999992,0.43125000000000013,3.833749999999999,-3.833749999999999
27,0.6737499999999998,0.43749999999999967,3.99125,-3.99125
28,0.6599999999999994,0.6562500000000002,4.04625,-4.04625
29,0.41624999999999857,1.0687499999999994,4.354999999999999,-4.354999999999999
