EV,Waiting_time,Charging_time,Total,Reward
0,0.0,0.3812499999999997,3.111249999999999,-3.111249999999999
1,0.0,0.13124999999999998,2.8612499999999996,-2.8612499999999996
2,0.0,0.6562500000000002,3.38625,-3.38625
3,0.0,0.23125000000000007,2.9612499999999997,-2.9612499999999997
4,0.061250000000000006,0.6312499999999999,3.4224999999999994,-3.4224999999999994
5,0,0.33125000000000016,3.06125,-3.06125
6,0,0.7062500000000002,3.43625,-3.43625
7,0.0,0.26874999999999993,3.13875,-3.13875
8,0.0,0.7187499999999998,3.5887499999999997,-3.5887499999999997
9,0.0,0.2187499999999999,3.08875,-3.08875
10,0.0,1.0187499999999998,3.88875,-3.88875
11,0.0,0.5875000000000001,3.4675000000000002,-3.4675000000000002
12,0.0,0.8374999999999998,3.7175000000000002,-3.7175000000000002
13,0.0,0.9124999999999995,3.7924999999999995,-3.7924999999999995
14,0.0,0.7375,3.6175000000000006,-3.6175000000000006
15,0.11124999999999999,0.05625000000000002,2.8974999999999995,-2.8974999999999995
16,0.03874999999999983,0.5937499999999997,3.5024999999999995,-3.5024999999999995
17,0.03874999999999983,0.4937499999999996,3.4024999999999994,-3.4024999999999994
18,0.026249999999999774,0.48124999999999973,3.237499999999999,-3.237499999999999
19,0,0.33125000000000016,3.06125,-3.06125
20,0.3787499999999995,0.41875000000000007,3.6674999999999995,-3.6674999999999995
21,0.04249999999999942,0.5312500000000002,3.303749999999999,-3.303749999999999
22,0,0,2.7299999999999995,-2.7299999999999995
23,0.2812500000000001,0.8312499999999998,3.8424999999999994,-3.8424999999999994
24,0.24624999999999975,0.7812499999999998,3.757499999999999,-3.757499999999999
25,0.2274999999999998,0.6124999999999997,3.7199999999999998,-3.7199999999999998
26,0.2974999999999993,0.43125000000000013,3.458749999999999,-3.458749999999999
27,0.24249999999999916,0.44374999999999953,3.556249999999999,-3.556249999999999
28,0.4037499999999995,0.6562500000000002,3.789999999999999,-3.789999999999999
29,0.2924999999999992,1.0687499999999994,4.231249999999999,-4.231249999999999
