EV,Waiting_time,Charging_time,Total,Reward
0,0.0,0.41874999999999984,3.1487499999999993,-3.1487499999999993
1,0.0,0.13124999999999998,2.8612499999999996,-2.8612499999999996
2,0.0,0.6562500000000002,3.38625,-3.38625
3,0.0,0.23125000000000007,2.9612499999999997,-2.9612499999999997
4,0.0,0.5062499999999996,3.236249999999999,-3.236249999999999
5,0,0.33125000000000016,3.06125,-3.06125
6,0.036249999999999775,0.7062500000000002,3.4724999999999997,-3.4724999999999997
7,0.0,0.17500000000000027,2.905,-2.905
8,0.0,0.4999999999999998,3.2299999999999995,-3.2299999999999995
9,0,0.1937500000000002,2.9237499999999996,-2.9237499999999996
10,0,0.9937500000000001,3.7237499999999994,-3.7237499999999994
11,0.0,0.5,3.2299999999999995,-3.2299999999999995
12,0.10749999999999973,0.7812499999999999,3.618749999999999,-3.618749999999999
13,0.0,0.7625,3.4924999999999997,-3.4924999999999997
14,0.10249999999999986,0.5562500000000002,3.38875,-3.38875
15,0.11124999999999999,0.18125000000000002,3.0224999999999995,-3.0224999999999995
16,0.0,0.4374999999999998,3.1674999999999995,-3.1674999999999995
17,0,0.3999999999999998,3.1299999999999994,-3.1299999999999994
18,0.16249999999999942,0.48124999999999973,3.373749999999999,-3.373749999999999
19,0.15999999999999948,0.30000000000000027,3.1899999999999995,-3.1899999999999995
20,0,0.38749999999999996,3.1174999999999997,-3.1174999999999997
21,0.0,0.5249999999999999,3.255,-3.255
22,0,0,2.7299999999999995,-2.7299999999999995
23,0,0.8312499999999998,3.5612499999999994,-3.5612499999999994
24,0.03999999999999964,0.6562499999999998,3.4262499999999996,-3.4262499999999996
25,0.0,0.47499999999999987,3.2049999999999996,-3.2049999999999996
26,0.058749999999999726,0.4687500000000002,3.2574999999999994,-3.2574999999999994
27,0.09249999999999986,0.34999999999999976,3.1724999999999994,-3.1724999999999994
28,0.08999999999999958,0.5312500000000001,3.3512499999999994,-3.3512499999999994
29,0.11624999999999902,1.0062499999999996,3.8524999999999987,-3.8524999999999987
